job_id,title,company,location,description,category,salary_min,salary_max,contract_type,contract_time,created,job_url
5867114856,Python Developer - HR Strat/Engineer,Capco,"Bangalore, Karnataka","This job is with Capco, an inclusive employer and a member of myGwork – the largest global platform for the LGBTQ business community. Please do not contact the recruiter directly. Job Title: Python Developer - HR Strat/Engineer Location - Bangalore Experience - 7 years About Us “Capco, a Wipro company, is a global technology and management consulting firm. Awarded with Consultancy of the year in the British Bank Award and has been ranked Top 100 Best Companies for Women in India 2022 by Avtar &…",IT Jobs,,,,full_time,2026-09-02T18:15:22Z,https://www.adzuna.in/land/ad/5867114856?se=QnkyAIy68RG3jpCv9xpWmA&utm_medium=api&utm_source=0fe34f32&v=BD8D20EEC0EAA3AE3E75CE578CD589B28992DA78
5865064497,Python Ansible Developer,Capco,"Bangalore, Karnataka","This job is with Capco, an inclusive employer and a member of myGwork – the largest global platform for the LGBTQ business community. Please do not contact the recruiter directly. Job Title: Python Engineer About Us “Capco, a Wipro company, is a global technology and management consulting firm. Awarded with Consultancy of the year in the British Bank Award and has been ranked Top 100 Best Companies for Women in India 2022 by Avtar & Seramount . With our presence across 32 cities across globe, w…",IT Jobs,,,,full_time,2026-09-01T22:16:04Z,https://www.adzuna.in/land/ad/5865064497?se=QnkyAIy68RG3jpCv9xpWmA&utm_medium=api&utm_source=0fe34f32&v=1F3D9ED800D018A6FAD041A84D98DDDDA4F55406
5864435757,Golang & Python Backend Developer,ACL Digital,"Bangalore, Karnataka","Dear All, Greetings of the day… ACL Digital is actively seeking for experienced Golang & Python Backend Developer with Networking/Telecom domain to join our dynamic team. Job Description : - Golang & Python Backend Developer with Networking/Telecom domain Work Location - WFO (Mahadevapura, Bengaluru) Experience: Minimum of 3 years of experience in software development with significant expertise in Golang. Technical Skills: Must have coding experience in Go Language, Python (Java knowledge desir…",IT Jobs,,,,,2026-09-01T16:22:23Z,https://www.adzuna.in/land/ad/5864435757?se=QnkyAIy68RG3jpCv9xpWmA&utm_medium=api&utm_source=0fe34f32&v=E8087969730FEBFE69B9500DD42ABE0D47B05E1B
5851435786,Senior Python Full Stack Developer,RWS,"Bangalore, Karnataka","This job is with RWS, an inclusive employer and a member of myGwork – the largest global platform for the LGBTQ business community. Please do not contact the recruiter directly. Senior Python Full Stack Developer Job LocationsIN-BangalorePosted Date2 weeks ago(09/09/2026 10:46)Job ID2026-6467 of Openings1CategoryInformation TechnologyBanding5 Job Purpose Job Purpose We have an exciting opportunity for a Senior Python Full Stack Developer to join our team in expanding our core product offering a…",IT Jobs,,,,full_time,2026-08-22T02:05:56Z,https://www.adzuna.in/land/ad/5851435786?se=QnkyAIy68RG3jpCv9xpWmA&utm_medium=api&utm_source=0fe34f32&v=7941B8EFB7997AD853AE0ADD2CA940980DFD89B3
5863016077,Python Developer,Vrinda International,"Bangalore, Karnataka","HIRING: Python Developer – Associate Manager Location: Bengaluru Experience: 6-8 years Role: Python Developer Level: Associate Manager Role Overview We are looking for an experienced Python Developer / Associate Manager with strong expertise in Python programming and software development. The ideal candidate should have solid hands-on experience in designing, developing, enhancing, and maintaining scalable applications. Key Responsibilities Develop, enhance, and maintain applications using Pyth…",IT Jobs,1700000.0,1700000.0,permanent,,2026-08-31T21:10:31Z,https://www.adzuna.in/details/5863016077?utm_medium=api&utm_source=0fe34f32
5888968631,Data Engineer (7.1-9 years),Capco,"Bangalore, Karnataka","This job is with Capco, an inclusive employer and a member of myGwork – the largest global platform for the LGBTQ business community. Please do not contact the recruiter directly. About Us “Capco, a Wipro company, is a global technology and management consulting firm. Awarded with Consultancy of the year in the British Bank Award and has been ranked Top 100 Best Companies for Women in India 2022 by Avtar & Seramount . With our presence across 32 cities across globe, we support 100 clients acros…",IT Jobs,,,,full_time,2026-09-18T14:36:20Z,https://www.adzuna.in/land/ad/5888968631?se=QnkyAIy68RG3jpCv9xpWmA&utm_medium=api&utm_source=0fe34f32&v=1D9AB32174F6E1781BAC2FC07AAAC488B1C59C67
5889514929,python developer,Strategic Minds Business Services,"Bangalore, Karnataka"," Company Overview Strategic Minds Business Services is a dynamic and forward-thinking company dedicated to providing top-notch business solutions across the globe. We pride ourselves on fostering a collaborative and innovative work environment that empowers our team to excel and deliver exceptional results for our clients.  Job Title Python Developer  Job Location Bengaluru, India  Job Summary We are seeking a talented and enthusiastic Python Developer to join our team in Bengaluru. This role i…",IT Jobs,,,,full_time,2026-09-18T21:32:46Z,https://www.adzuna.in/details/5889514929?utm_medium=api&utm_source=0fe34f32
1593881823,Python Developer,GrowthFalcons,"Bangalore, Karnataka","Python Developer Job Role We are looking for a Python Developer to join our engineering team and help us develop and maintain various software products. Python Developer responsibilities include writing and testing code, debugging programs and integrating applications with third-party web services. To be successful in this role, you should have experience using server-side logic and work well in a team. Responsibilities : o Write effective, scalable code o Develop back-end components to improve…",IT Jobs,0.0,600000.0,,full_time,2020-07-04T21:58:31Z,https://www.adzuna.in/details/1593881823?utm_medium=api&utm_source=0fe34f32
5850375320,Python Developer!,TechnoGen,"Bangalore, Karnataka","Description We are seeking an experienced Python Developer to join our dynamic team in India. The ideal candidate will have a strong background in Python programming and be able to develop scalable applications while collaborating with various teams. Responsibilities Develop and maintain high-quality Python applications. Collaborate with cross-functional teams to define, design, and ship new features. Identify and resolve performance bottlenecks and bugs. Write reusable, testable, and efficient…",IT Jobs,,,,,2026-08-21T07:38:38Z,https://www.adzuna.in/details/5850375320?utm_medium=api&utm_source=0fe34f32
5896122676,Python Developer,Artech Infosystems Private Limited,"Bangalore, Karnataka",HIRING ALERT | PYTHON DEVELOPER Experience: 3–9 Years Location: Bangalore (Local Candidates Only) MNC | Third-Party Payroll IMMEDIATE / SHORT NOTICE CANDIDATES PREFERRED! Strong Python Development Skills Backend | API | SQL|AI/ML INTERVIEW: FACE-TO-FACE / AS PER CLIENT PROCESS Interested DM me your updated resume on [HIDDEN TEXT] Skills: Python Experience: 3.00-9.00 Years,IT Jobs,,,,,2026-09-24T07:45:51Z,https://www.adzuna.in/details/5896122676?utm_medium=api&utm_source=0fe34f32
1171508030,Python Developer,Sagacious Programming & Development Pvt Ltd,"Bangalore, Karnataka","- Flask, Django or similar python micro-framework - Experience in Linux (Ubuntu/CentOS/RedHat) - Experience with MongoDB or any similar NoSQL databases.Cassandra or CouchDB. - HTML5, API and Angular 2.0 is must - Bootstrap, jQuery and similar javascript framework are pluses. - Experience required: Sr. Python Developers (6 yrs - 7 yrs) and Jr. Python Developers (3 yrs - 4 years) Skills: Python, Django, Flask, MongoDB, HTML/CSS and Angular (2)",IT Jobs,500000.0,1200000.0,,full_time,2019-06-05T21:12:13Z,https://www.adzuna.in/details/1171508030?utm_medium=api&utm_source=0fe34f32
5832794017,Python Developer,Acesoft Labs India Private Limited,"Bangalore, Karnataka","We are hiring for Python Developer, who can join immediately. Exp- 3-5 years Location- Bangalore Work mode- Hybrid Skill-Python, Data Analysis, Modeller The roles require experience in both front-end and back-end technologies, data analysis, and content labelling Candidates should have a minimum of four years of experience in software engineering, with proficiency in Python and experience in building dashboards and visualizers using frameworks like Flask. Preferred qualifications include profic…",IT Jobs,,,,,2026-08-08T07:27:02Z,https://www.adzuna.in/details/5832794017?utm_medium=api&utm_source=0fe34f32
5887125361,Python Developer,FyerX,"Kenchanahalli, Bangalore","This is a remote position. Compulsory Requirement: Minimum 3 Years Experience as a Python Developer with a strong portfolio showcasing scalable backend services, asynchronous APIs, and robust data or automation pipelines. Payment Structure: Full-time salary – The Python Developer will be compensated with a competitive fixed salary aligned with industry standards and experience level for work completed on both FyerX's internal technology infrastructure and external client platforms. Work Arrange…",IT Jobs,,,permanent,full_time,2026-09-17T09:33:46Z,https://www.adzuna.in/details/5887125361?utm_medium=api&utm_source=0fe34f32
5854880455,Python Developer,Apex 2000,"Bangalore, Karnataka","We are seeking a skilled and enthusiastic Python Developer to join our dynamic team. You will be responsible for coordinating with development teams to determine application requirements, writing scalable code, testing and debugging applications, and developing robust back-end components. This role involves integrating user-facing elements, assessing client feature requests, and integrating data storage solutions while also improving existing databases and monitoring online traffic. Roles & Res…",IT Jobs,,,,,2026-08-25T07:43:28Z,https://www.adzuna.in/details/5854880455?utm_medium=api&utm_source=0fe34f32
5896122768,python Developer,Artech Infosystems Private Limited,"Bangalore, Karnataka",Hiring: Python Developer | Bangalore | Hybrid Artech is hiring experienced Python Developers for an exciting opportunity in Bangalore. Experience: 3–6 Years Location: Bangalore Work Mode: Hybrid CTC: Up to 10 LPA Preference: Bangalore local candidates Interested candidates can share their updated CV at: [HIDDEN TEXT] Contact: 8265998498 Required Skills Strong experience in Python Hands-on experience with Django and/or Flask Experience with Angular and/or React Good understanding of web applicat…,IT Jobs,,,,,2026-09-24T07:45:52Z,https://www.adzuna.in/details/5896122768?utm_medium=api&utm_source=0fe34f32
5832794132,Python Developer,Lancesoft India Private Limited,"Bangalore, Karnataka","We are seeking a highly skilled Python Developer to join our development team. The ideal candidate should have strong experience in Python programming, backend development, and database management. You will be responsible for building scalable applications, optimizing performance, and collaborating with cross-functional teams to deliver high-quality software solutions. Key Responsibilities: Develop, test, and maintain scalable and efficient Python applications. Write clean, reusable, and optimi…",IT Jobs,,,,,2026-08-08T07:27:20Z,https://www.adzuna.in/details/5832794132?utm_medium=api&utm_source=0fe34f32
5530395854,Python Developer,Suventure Services Private Limited,"Bangalore, Karnataka","Hello Candidate, Greetings from Suventure! PLease find the Job description below. Job Title: Senior Python Developer (with or without Rust API experience) Location: Bangalore, India Company: Suventure Services Pvt. Ltd. Work Mode: Work From Office (WFO) Experience: 5 Years About Suventure Services Pvt. Ltd. Suventure is a technology-driven organization delivering end-to-end solutions across Product Development, Cloud, AI, Analytics, and Mobility. We work with global clients to build innovative,…",IT Jobs,1000000.0,1500000.0,,full_time,2025-12-06T05:34:53Z,https://www.adzuna.in/details/5530395854?utm_medium=api&utm_source=0fe34f32
5828957450,python developer,Capace Software Private Limited,"Bangalore, Karnataka","SENIOR PYTHON DEVELOPER Designation: Senior Python Django Developer Position: Senior Python Developer Job Types : Full-time, Permanent Schedule: Day shift (On-site) Supplemental Pay: Performance bonus, Yearly bonus Ability to commute/relocate : JP Nagar, Bangalore: Reliably commute or willing to relocate with an employer-provided relocation package (Preferred) Experience: Back-end development: 5 years (Required) Job Description: We are looking for a highly skilled Senior Python Django Developer…",IT Jobs,400000.0,600000.0,permanent,full_time,2026-08-05T15:59:04Z,https://www.adzuna.in/details/5828957450?utm_medium=api&utm_source=0fe34f32
5898172998,Python Developer,infomaticscorp,"Bangalore, Karnataka","Dear Candidate, Greetings from INFOMATICS CORP We are looking for an ambitious Python Developer who can join us Immediately or by 15- 30 Days. Responsibilities: Relevant Experience required 3 to 5 years. Strong proficiency in python programming language along with expertise in backend development framework such as Django or Flask . (DSA and Design patterns are mandatory). Hand on Experience in REST API development and database such as PostgreSQL. Good knowledge of versions control systems like …",IT Jobs,100000.0,1200000.0,,full_time,2026-09-25T16:15:38Z,https://www.adzuna.in/details/5898172998?utm_medium=api&utm_source=0fe34f32
4563406351,Python Developer,Drivex Mobility Pvt Ltd,"Bangalore, Karnataka","About Us: DriveX is India’s largest used 2-wheeler platform founded by Narain Karthikeyan, India’s first Formula 1 racer. DriveX is a fully stacked platform having capabilities across the pre-owned vehicle value chain from procurement to refurbishment to retail and service of pre-owned two-wheelers. Website- https://www.drivex.in Location- Bangalore Job Overview: We are looking for a talented Python Developer to join our tech team. The successful candidate will be responsible for developing ser…",IT Jobs,,,,full_time,2024-02-09T15:47:21Z,https://www.adzuna.in/details/4563406351?utm_medium=api&utm_source=0fe34f32
3592404535,Python Developer,HyreSpree,"Bangalore, Karnataka",Python developer with Django experience 6-8 yrs of total experience Strong communication is a MUST Skills:- Python and Django,IT Jobs,600000.0,1800000.0,,full_time,2022-10-16T05:44:16Z,https://www.adzuna.in/details/3592404535?utm_medium=api&utm_source=0fe34f32
2764126278,Python developer,CyborgIntell,"Bangalore, Karnataka","Job brief We are looking for a Senior Python Developer to join our engineering team and help us develop and maintain various software products. Your primary focus will be the development of all server-side logic, ensuring high performance and responsiveness to requests from the front-end. Python Developer responsibilities include designing product, writing, and testing code, debugging programs, and integrating applications with web services. Skills And Qualifications • Expert in Python, with kn…",IT Jobs,1200000.0,1800000.0,,full_time,2021-12-24T04:21:12Z,https://www.adzuna.in/details/2764126278?utm_medium=api&utm_source=0fe34f32
3532568531,Python developer,Sollys Consulting and Solutions Pvt Ltd,"Bangalore, Karnataka","We are hiring Female for Python Developers with good salary and work environment. Candidate with good communication skills and End to end in python are entertained. Skills:- Django, Flask, MySQL and PostgreSQL",IT Jobs,200000.0,300000.0,,full_time,2022-09-29T06:59:12Z,https://www.adzuna.in/details/3532568531?utm_medium=api&utm_source=0fe34f32
5859123913,Python Developer,Aritha,"Bangalore, Karnataka","We are looking for a skilled and enthusiastic Python Developer to join our dynamic development team. As a Python Developer, you will work on developing, testing, and maintaining high-quality, efficient, and scalable software solutions. You will collaborate with other developers, product managers, and stakeholders to build and enhance applications, systems, and services. The ideal candidate will have a strong understanding of Python programming, software development principles, and the ability t…",IT Jobs,,,,,2026-08-28T07:37:59Z,https://www.adzuna.in/details/5859123913?utm_medium=api&utm_source=0fe34f32
5664889825,Python Developer,SPGConsulting,"Bangalore, Karnataka","Job Title: Python Developer (Django / Databricks / Azure)  Location: Bangalore  Experience: 3–8 Year  Employment Type: FTE  Job Summary: We are seeking a skilled Python Developer with strong experience in Django, Flask API development, Databricks, and Azure Cloud . The ideal candidate will be responsible for designing scalable backend systems, developing REST APIs, building data pipelines, and working with cloud-based data platforms.  Key Responsibilities: ✔ Develop and maintain web application…",IT Jobs,400000.0,1500000.0,,full_time,2026-03-14T11:34:02Z,https://www.adzuna.in/details/5664889825?utm_medium=api&utm_source=0fe34f32
5850370781,Python Developer,Xoriant Corporation,"Bangalore, Karnataka","Role & responsibilities : Development and debugging of applications using Golang or Python. Position Description : Hands-on software development experience in Python or Golang. Strong experience and knowledge of micro services, and distributed systems. Good analytical and debugging skills to root cause of the issues Good experience in some Linux systems. Virtualization, storage, Networking, Infrastructure domain Developed system programming applications/scripts Have written unit test code for t…",IT Jobs,,,,,2026-08-21T07:37:00Z,https://www.adzuna.in/details/5850370781?utm_medium=api&utm_source=0fe34f32
5590185213,Python Developer,AryuPay Technologies,"Bangalore, Karnataka","We are seeking a highly skilled and experienced Python Developer with a strong background in fintech to join our dynamic team. The ideal candidate will have at least 7 years of professional experience in Python development, with a proven track record of delivering high-quality software solutions in the fintech industry. Responsibilities: Design, build, and maintain RESTful APIs using Django and Django Rest Framework. Integrate AI/ML models into existing applications to enhance functionality and…",IT Jobs,400000.0,900000.0,permanent,full_time,2026-01-18T11:20:54Z,https://www.adzuna.in/details/5590185213?utm_medium=api&utm_source=0fe34f32
4595317345,Python Developer,P99soft,"Bangalore, Karnataka","Role / Designation : Python Developer Location: Bangalore, India Skills : Certification: AI900, AZ900 Technical or Key Skills: Primary Skills Python, Flask, Web development. Knowledge on Azure Cloud, Application development, API development Profile: IT Professional with 6 years of experience in • Hands on experience Python libraries such as Pandas, Numpy , OpenPyxl • Hands on experience of Python libraries with multiple document types (excel, csv, pdf and images) • Working with huge data sets, …",IT Jobs,1000000.0,1500000.0,,full_time,2024-03-06T15:27:53Z,https://www.adzuna.in/details/4595317345?utm_medium=api&utm_source=0fe34f32
5503838296,Python Developer,Mindcom,"Bangalore, Karnataka","Python Developer · Design, develop, and maintain RESTful APIs using Python and FastAPI. · Write clean, efficient, and well-documented code following best practices. · Implement data models and database interactions (SQL or NoSQL). · Integrate with various services and third-party APIs. · Write unit and integration tests to ensure code quality and reliability. · Troubleshoot and debug issues, ensuring optimal performance and stability. · Participate in code reviews and contribute to improving de…",IT Jobs,,,contract,,2025-11-20T00:58:31Z,https://www.adzuna.in/details/5503838296?utm_medium=api&utm_source=0fe34f32
4267565249,Python Developer,codersbrain,"Bangalore, Karnataka","Python Developer with Tornado \ Django Experience: 5-10 Years. Skills: Python, Django, Restfull API. Passionate coder with 5 years of application development experience with python based web servers. Backend & Frontend API creation using Tornado / Django / Flask. Strong experience working with RESTful APIs. Hands on experience with any SQL database with schema creation and SQL queries Strong debugging, problem solving and investigative skills. Experience with Agile/Scrum methodology. Self-start…",IT Jobs,100000.0,700000.0,,full_time,2023-08-19T13:36:09Z,https://www.adzuna.in/details/4267565249?utm_medium=api&utm_source=0fe34f32
5825579750,Python Developer,VY SYSTEMS PRIVATE LIMITED,"Hyderabad, Telangana","Job Summary We are seeking a skilled Python Developer with experience in building scalable applications using Python frameworks such as Flask and Django. The ideal candidate should have hands-on experience with PySpark for big data processing and strong SQL skills for data analysis and database management. Key Responsibilities Design, develop, test, and maintain Python-based applications. Develop RESTful APIs using Flask and/or Django. Build scalable data processing pipelines using PySpark. Wri…",IT Jobs,400000.0,1800000.0,,full_time,2026-08-02T15:58:12Z,https://www.adzuna.in/details/5825579750?utm_medium=api&utm_source=0fe34f32
5211779257,Python Developer,Wissen Technology,"Bangalore, Karnataka","Job Description: Python Backend Developer Experience: 7-12 years Job Type: Full-time Job Overview: Wissen Technology is looking for a highly experienced Python Backend Developer with 7-12 years of experience to join our team. The ideal candidate will have deep expertise in backend development using Python, with a strong focus on Django and Flask frameworks. Key Responsibilities: - Develop and maintain robust backend services and APIs using Python, Django, and Flask. - Design scalable and effici…",IT Jobs,,,,full_time,2025-05-23T06:51:59Z,https://www.adzuna.in/details/5211779257?utm_medium=api&utm_source=0fe34f32
5850378637,Python Developer,Indian Mesh,"Bangalore, Karnataka","Indian Mesh is seeking a skilled and enthusiastic Python Developer to join our growing technology team. We are looking for an individual with hands-on experience in Python web development, a strong grasp of data structures and algorithms, and a commitment to building robust, scalable applications within a collaborative environment. Responsibilities: Develop, deploy, and maintain web applications using Python, with a focus on Django and Ajax. Apply a good understanding of Data Structures and Alg…",IT Jobs,,,,,2026-08-21T07:39:33Z,https://www.adzuna.in/details/5850378637?utm_medium=api&utm_source=0fe34f32
3262155098,Python developer,Cast Software,"Bangalore, Karnataka","Solution Oriented Mindset Assist project in all technical aspects of tooling and DevOps Proactively lead tools new versions release cycle and documentation Proactively identify risks related to application /deliverables and propose a mitigation plan Provide custom solutions as per customer requirements Autonomy & Problem Solving Mindset Work in complete autonomy to deliver project deliverables, for advanced technical deliverables, with required level of quality Must have troubleshooting skills …",IT Jobs,800000.0,1000000.0,,full_time,2022-06-26T06:20:48Z,https://www.adzuna.in/details/3262155098?utm_medium=api&utm_source=0fe34f32
5896657565,Python Developer,Weekday AI,"Bangalore, Karnataka","This role is for one of Weekday’s clients Salary range: Rs 500000 - Rs 2500000 (ie INR 5 - 25 LPA) Min Experience: 5 years Location: Bengaluru JobType: full-time We are looking for an experienced Python Developer with 5–8 years of hands-on experience in designing, developing, and maintaining scalable backend applications and APIs. The ideal candidate should have strong expertise in Python, FastAPI, and Kubernetes , along with a solid understanding of modern backend engineering practices, micros…",IT Jobs,,,,full_time,2026-09-24T16:16:41Z,https://www.adzuna.in/details/5896657565?utm_medium=api&utm_source=0fe34f32
1714382986,Python Developer,91social,"Bangalore, Karnataka","Designing and developing high-volume, low-latency applications for critical systems and delivering high-availability and performance • Contributing in all phases of the development lifecycle • Writing well designed, testable, efficient code • Test cases should be upto the mark • Performance tuning knowledge is a must. Experience is an added advantage. • In Backend – fundamentals of all languages is a must• Good hands-on software development experience with proven working experience in Python de…",IT Jobs,500000.0,1800000.0,,full_time,2020-09-20T02:07:48Z,https://www.adzuna.in/details/1714382986?utm_medium=api&utm_source=0fe34f32
3002148982,Python Developer,TrustCheckr,"Bangalore, Karnataka","We are looking for a 2 to 3 years experienced Python Developer to join our team. As a part of our Technology/Solutions leadership team, you will be directly working with Product Engineering team in Designing the crawling algorithm from social media. Skills: Python, Web crawling, Web scraping, Beautiful Soup, Snowflake, Scrapy - Develop customised tools to automate critical business functions and meet project objectives, requirements and company goals - Interact with manager as necessary to anal…",IT Jobs,600000.0,1000000.0,,full_time,2022-03-27T05:15:18Z,https://www.adzuna.in/details/3002148982?utm_medium=api&utm_source=0fe34f32
4066883894,Python Developer,JRD Systems,"Bangalore, Karnataka","· 4 years of experience as a Python Developer. · Good Understanding of Object-Oriented Concepts and Solid principles. · Good Understanding in Programming and analytical skills. · Should have hands on experience in AWS Cloud Service like S3, Lambda functions Knowledge. (Must Have) · Should have experience Working with large datasets (Must Have) · Proficient in using NumPy, Pandas. (Must Have) · Should have hands on experience on Mysql (Must Have) · Should have experience in debugging Python appl…",IT Jobs,400000.0,800000.0,,full_time,2023-04-28T10:13:52Z,https://www.adzuna.in/details/4066883894?utm_medium=api&utm_source=0fe34f32
5856197110,Python Developer,Infosys Limited,"Bangalore, Karnataka",Job Description: We are looking for a Python developer who will be able to do integration testing and unit testing Responsible for building high performing responsive web applications An ideal candidate should have good debugging skills Key Responsibilities: As part of the Infosys delivery team your primary role would be to ensure Development Validation and Support activities to assure that our clients are satisfied with the high levels of service in the technology domain You will gather the re…,IT Jobs,,,,,2026-08-26T07:38:04Z,https://www.adzuna.in/details/5856197110?utm_medium=api&utm_source=0fe34f32
1171507863,Python Developer,Artificial Learning Systems,"Bangalore, Karnataka","Artificial Learning Systems India Pvt. Ltd. is looking for an exceptional Python Developer who will have a good background in, and understanding of, software systems, and one who has the ability to work closely with the rest of the Engineering team from the early stages of design all the way through identifying and resolving production issues. Candidate Profile: The ideal candidate will be passionate about this role which involves deep knowledge of both the application and the product, and he/s…",IT Jobs,300000.0,1500000.0,permanent,full_time,2019-06-05T21:12:12Z,https://www.adzuna.in/details/1171507863?utm_medium=api&utm_source=0fe34f32
2471002373,Python Developer,Semperfi Solution,"Bangalore, Karnataka","Job Description JD - Python Developer Responsibilities Design and implement software features based on requirements Architect new features for products or tools Articulate and document designs as needed Prepare and present technical training Provide estimates and status for development tasks Work effectively in a highly collaborative and iterative development process Work effectively with the Product, QA, and DevOps team. Troubleshoot issues and correct defects when required Build unit and inte…",IT Jobs,500000.0,1800000.0,,full_time,2021-09-19T04:08:48Z,https://www.adzuna.in/details/2471002373?utm_medium=api&utm_source=0fe34f32
5618649663,Python Developer,Tradelab Software Private Limited,"Bangalore, Karnataka","About Us: Tradelab Technologies Pvt Ltd is not for those seeking comfort—we are for those hungry to make a mark in the trading and fintech industry . If you are looking for just another backend role, this isn’t it. We want risk-takers, relentless learners, and those who find joy in pushing their limits every day. If you thrive in high-stakes environments and have a deep passion for performance. driven backend systems, we want you. What We Expect: • We’re looking for a Backend Developer (Python)…",IT Jobs,1000000.0,1500000.0,,full_time,2026-02-07T11:42:28Z,https://www.adzuna.in/details/5618649663?utm_medium=api&utm_source=0fe34f32
5588939823,Python Developer,prep study,"Bangalore, Karnataka","About Us: Tradelab Technologies Pvt Ltd is not for those seeking comfort—we are for those hungry to make a mark in the trading and fintech industry . If you are looking for just another backend role, this isn’t it. We want risk-takers, relentless learners, and those who find joy in pushing their limits every day. If you thrive in high-stakes environments and have a deep passion for performance driven backend systems, we want you. • We’re looking for a Backend Developer (Python) with a strong fo…",IT Jobs,1000000.0,1500000.0,,full_time,2026-01-17T11:11:54Z,https://www.adzuna.in/details/5588939823?utm_medium=api&utm_source=0fe34f32
5899549649,Python Developer,SourcingXPress,"Bangalore, Karnataka","Company: Client of People Impact LinkedIn: Visit LinkedIn Business Type: Enterprise Company Type: Service Business Model: B2B Funding Stage: Private Equity Industry: Software Development Job Description About the Role We are seeking a skilled Python Development Backend Engineer with hands-on experience in Python, FastAPI, and containerized cloud-native environments. You will be responsible for building highly performant services, designing APIs, ensuring reliability, and collaborating across en…",IT Jobs,,,,full_time,2026-09-26T16:17:37Z,https://www.adzuna.in/details/5899549649?utm_medium=api&utm_source=0fe34f32
2709289125,Python Developer,Innovatily,"Bangalore, Karnataka","- Deep hands-on experience in designing & developing Python based applications - Hands-on experience building database-backed web applications using Python based frameworks - Excellent knowledge of Linux and experience developing Python applications that are deployed in Linux environments - Experience building client-side and server-side API-level integrations in Python - Experience in containerization and container orchestration systems like Docker, Kubernetes, etc. - Experience with NoSQL doc…",IT Jobs,0.0,1000000.0,,full_time,2021-12-05T03:01:04Z,https://www.adzuna.in/details/2709289125?utm_medium=api&utm_source=0fe34f32
5709155610,Python Developer,Tradelab Technologies,"Bangalore, Karnataka","About Us: Tradelab Technologies Pvt Ltd is not for those seeking comfort—we are for those hungry to make a mark in the trading and fintech industry . If you are looking for just another backend role, this isn’t it. We want risk-takers, relentless learners, and those who find joy in pushing their limits every day. If you thrive in high-stakes environments and have a deep passion for performance driven backend systems, we want you. What We Expect: • We’re looking for a Backend Developer (Python) …",IT Jobs,1000000.0,1500000.0,,full_time,2026-04-24T11:55:13Z,https://www.adzuna.in/details/5709155610?utm_medium=api&utm_source=0fe34f32
5877845417,Python Developer,Trianz,"Bangalore, Karnataka","Role & responsibilities Job Description: About the Role We're looking for a skilled Senior Python Developer including Fast API framework to lead the development of scalable, high-performance applications. You'll play a key role in system architecture, mentor team members, and collaborate across teams to deliver quality solutions. Responsibilities Design, build, and maintain robust Python applications. Architect scalable backend systems and APIs. Lead code reviews and mentor junior developers. C…",IT Jobs,,,,,2026-09-10T07:38:54Z,https://www.adzuna.in/details/5877845417?utm_medium=api&utm_source=0fe34f32
4160690928,Python Developer,Synoption India Pvt Ltd,"Bangalore, Karnataka","Understand fundamental design principles and best practices for developing backend servers and web applications Gather requirements, scope functionality, estimate and translate those requirements into solutions. Implement and integrate software features as per requirements. Deliver across the entire app life cycle. Work in a product creation project and/or technology project with implementation or integration responsibilities, Improve an existing code base, if required, and ability to read sour…",IT Jobs,1000000.0,1500000.0,,full_time,2023-06-20T17:01:50Z,https://www.adzuna.in/details/4160690928?utm_medium=api&utm_source=0fe34f32
2583051773,Python Developer,Innovatily,"Bangalore, Karnataka","Deep hands-on experience in designing & developing Python based applications Hands-on experience building database-backed web applications using Python based frameworks Excellent knowledge of Linux and experience developing Python applications that are deployed in Linux environments Experience building client-side and server-side API-level integrations in Python Experience in containerization and container orchestration systems like Docker, Kubernetes, etc. Experience with NoSQL document stores…",IT Jobs,500000.0,1500000.0,,full_time,2021-10-27T08:25:02Z,https://www.adzuna.in/details/2583051773?utm_medium=api&utm_source=0fe34f32
5189473638,python developer,QAgile Services,"Bangalore, Karnataka","Role: Python Full Stack Developer Onsite- Bengaluru Experience: 3 Years Contract Duration: 6 Months Notice0 less than 15 days Skills:- Python, HTML/CSS, MongoDB, SQL, CI/CD and Docker",IT Jobs,800000.0,1800000.0,contract,full_time,2025-05-09T04:52:02Z,https://www.adzuna.in/details/5189473638?utm_medium=api&utm_source=0fe34f32
